Time Series Search Export,Search term,Search filters,,Last update of Residential property prices data,Downloaded at,Source,Source URL,Download URL,About Residential property prices
,,,,2025-09-25,2025-10-09 06:26 CEST,BIS,"https://data.bis.org/topics/RPP/BIS,WS_DPP,1.0/M.KR.3.1.1.3.6.0?","https://data.bis.org/topics/RPP/BIS,WS_DPP,1.0/M.KR.3.1.1.3.6.0?&file_format=csv&format=long&split_frequencies=false&transposed=false&include=code%2Clabel",https://data.bis.org/topics/RPP

DATAFLOW_ID:Dataflow ID,KEY:Timeseries Key,FREQ:Frequency,REF_AREA:Reference area,COVERED_AREA:Covered area,RE_TYPE:Real estate type,RE_VINTAGE:Real estate vintage,COMPILING_ORG:Compiling agency,PRICED_UNIT:Priced unit,ADJUST_CODED:Seasonal adjustment,Unit,Unit multiplier,TIME_PERIOD:Period,OBS_CONF:Confidentiality,OBS_PRE_BREAK:Pre-break value,OBS_STATUS:Status,OBS_VALUE:Value
"BIS,WS_DPP,1.0",M.KR.3.1.1.3.6.0,M:Monthly,KR:Korea,3:Capital/biggest city/financial center and suburbs,1:All types of dwellings,1:Existing,3:General Government,6:Pure price,0:Non seasonally adjusted,"Index, 2025 Mar = 100",Units,2003-11-30,F:Free,,A:Normal value,57.5
"BIS,WS_DPP,1.0",M.KR.3.1.1.3.6.0,M:Monthly,KR:Korea,3:Capital/biggest city/financial center and suburbs,1:All types of dwellings,1:Existing,3:General Government,6:Pure price,0:Non seasonally adjusted,"Index, 2025 Mar = 100",Units,2003-12-31,F:Free,,A:Normal value,57.1
"BIS,WS_DPP,1.0",M.KR.3.1.1.3.6.0,M:Monthly,KR:Korea,3:Capital/biggest city/financial center and suburbs,1:All types of dwellings,1:Existing,3:General Government,6:Pure price,0:Non seasonally adjusted,"Index, 2025 Mar = 100",Units,2004-01-31,F:Free,,A:Normal value,56.8
"BIS,WS_DPP,1.0",M.KR.3.1.1.3.6.0,M:Monthly,KR:Korea,3:Capital/biggest city/financial center and suburbs,1:All types of dwellings,1:Existing,3:General Government,6:Pure price,0:Non seasonally adjusted,"Index, 2025 Mar = 100",Units,2004-02-29,F:Free,,A:Normal value,56.9
"BIS,WS_DPP,1.0",M.KR.3.1.1.3.6.0,M:Monthly,KR:Korea,3:Capital/biggest city/financial center and suburbs,1:All types of dwellings,1:Existing,3:General Government,6:Pure price,0:Non seasonally adjusted,"Index, 2025 Mar = 100",Units,2004-03-31,F:Free,,A:Normal value,57.1
"BIS,WS_DPP,1.0",M.KR.3.1.1.3.6.0,M:Monthly,KR:Korea,3:Capital/biggest city/financial center and suburbs,1:All types of dwellings,1:Existing,3:General Government,6:Pure price,0:Non seasonally adjusted,"Index, 2025 Mar = 100",Units,2004-04-30,F:Free,,A:Normal value,57.2
"BIS,WS_DPP,1.0",M.KR.3.1.1.3.6.0,M:Monthly,KR:Korea,3:Capital/biggest city/financial center and suburbs,1:All types of dwellings,1:Existing,3:General Government,6:Pure price,0:Non seasonally adjusted,"Index, 2025 Mar = 100",Units,2004-05-31,F:Free,,A:Normal value,57.2
"BIS,WS_DPP,1.0",M.KR.3.1.1.3.6.0,M:Monthly,KR:Korea,3:Capital/biggest city/financial center and suburbs,1:All types of dwellings,1:Existing,3:General Government,6:Pure price,0:Non seasonally adjusted,"Index, 2025 Mar = 100",Units,2004-06-30,F:Free,,A:Normal value,56.9
"BIS,WS_DPP,1.0",M.KR.3.1.1.3.6.0,M:Monthly,KR:Korea,3:Capital/biggest city/financial center and suburbs,1:All types of dwellings,1:Existing,3:General Government,6:Pure price,0:Non seasonally adjusted,"Index, 2025 Mar = 100",Units,2004-07-31,F:Free,,A:Normal value,56.7
"BIS,WS_DPP,1.0",M.KR.3.1.1.3.6.0,M:Monthly,KR:Korea,3:Capital/biggest city/financial center and suburbs,1:All types of dwellings,1:Existing,3:General Government,6:Pure price,0:Non seasonally adjusted,"Index, 2025 Mar = 100",Units,2004-08-31,F:Free,,A:Normal value,56.4
"BIS,WS_DPP,1.0",M.KR.3.1.1.3.6.0,M:Monthly,KR:Korea,3:Capital/biggest city/financial center and suburbs,1:All types of dwellings,1:Existing,3:General Government,6:Pure price,0:Non seasonally adjusted,"Index, 2025 Mar = 100",Units,2004-09-30,F:Free,,A:Normal value,56.1
"BIS,WS_DPP,1.0",M.KR.3.1.1.3.6.0,M:Monthly,KR:Korea,3:Capital/biggest city/financial center and suburbs,1:All types of dwellings,1:Existing,3:General Government,6:Pure price,0:Non seasonally adjusted,"Index, 2025 Mar = 100",Units,2004-10-31,F:Free,,A:Normal value,55.9
"BIS,WS_DPP,1.0",M.KR.3.1.1.3.6.0,M:Monthly,KR:Korea,3:Capital/biggest city/financial center and suburbs,1:All types of dwellings,1:Existing,3:General Government,6:Pure price,0:Non seasonally adjusted,"Index, 2025 Mar = 100",Units,2004-11-30,F:Free,,A:Normal value,55.5
"BIS,WS_DPP,1.0",M.KR.3.1.1.3.6.0,M:Monthly,KR:Korea,3:Capital/biggest city/financial center and suburbs,1:All types of dwellings,1:Existing,3:General Government,6:Pure price,0:Non seasonally adjusted,"Index, 2025 Mar = 100",Units,2004-12-31,F:Free,,A:Normal value,55.2
"BIS,WS_DPP,1.0",M.KR.3.1.1.3.6.0,M:Monthly,KR:Korea,3:Capital/biggest city/financial center and suburbs,1:All types of dwellings,1:Existing,3:General Government,6:Pure price,0:Non seasonally adjusted,"Index, 2025 Mar = 100",Units,2005-01-31,F:Free,,A:Normal value,55.0
"BIS,WS_DPP,1.0",M.KR.3.1.1.3.6.0,M:Monthly,KR:Korea,3:Capital/biggest city/financial center and suburbs,1:All types of dwellings,1:Existing,3:General Government,6:Pure price,0:Non seasonally adjusted,"Index, 2025 Mar = 100",Units,2005-02-28,F:Free,,A:Normal value,55.3
"BIS,WS_DPP,1.0",M.KR.3.1.1.3.6.0,M:Monthly,KR:Korea,3:Capital/biggest city/financial center and suburbs,1:All types of dwellings,1:Existing,3:General Government,6:Pure price,0:Non seasonally adjusted,"Index, 2025 Mar = 100",Units,2005-03-31,F:Free,,A:Normal value,55.5
"BIS,WS_DPP,1.0",M.KR.3.1.1.3.6.0,M:Monthly,KR:Korea,3:Capital/biggest city/financial center and suburbs,1:All types of dwellings,1:Existing,3:General Government,6:Pure price,0:Non seasonally adjusted,"Index, 2025 Mar = 100",Units,2005-04-30,F:Free,,A:Normal value,55.8
"BIS,WS_DPP,1.0",M.KR.3.1.1.3.6.0,M:Monthly,KR:Korea,3:Capital/biggest city/financial center and suburbs,1:All types of dwellings,1:Existing,3:General Government,6:Pure price,0:Non seasonally adjusted,"Index, 2025 Mar = 100",Units,2005-05-31,F:Free,,A:Normal value,56.1
"BIS,WS_DPP,1.0",M.KR.3.1.1.3.6.0,M:Monthly,KR:Korea,3:Capital/biggest city/financial center and suburbs,1:All types of dwellings,1:Existing,3:General Government,6:Pure price,0:Non seasonally adjusted,"Index, 2025 Mar = 100",Units,2005-06-30,F:Free,,A:Normal value,56.8
"BIS,WS_DPP,1.0",M.KR.3.1.1.3.6.0,M:Monthly,KR:Korea,3:Capital/biggest city/financial center and suburbs,1:All types of dwellings,1:Existing,3:General Government,6:Pure price,0:Non seasonally adjusted,"Index, 2025 Mar = 100",Units,2005-07-31,F:Free,,A:Normal value,57.5
"BIS,WS_DPP,1.0",M.KR.3.1.1.3.6.0,M:Monthly,KR:Korea,3:Capital/biggest city/financial center and suburbs,1:All types of dwellings,1:Existing,3:General Government,6:Pure price,0:Non seasonally adjusted,"Index, 2025 Mar = 100",Units,2005-08-31,F:Free,,A:Normal value,57.7
"BIS,WS_DPP,1.0",M.KR.3.1.1.3.6.0,M:Monthly,KR:Korea,3:Capital/biggest city/financial center and suburbs,1:All types of dwellings,1:Existing,3:General Government,6:Pure price,0:Non seasonally adjusted,"Index, 2025 Mar = 100",Units,2005-09-30,F:Free,,A:Normal value,57.8
"BIS,WS_DPP,1.0",M.KR.3.1.1.3.6.0,M:Monthly,KR:Korea,3:Capital/biggest city/financial center and suburbs,1:All types of dwellings,1:Existing,3:General Government,6:Pure price,0:Non seasonally adjusted,"Index, 2025 Mar = 100",Units,2005-10-31,F:Free,,A:Normal value,57.8
"BIS,WS_DPP,1.0",M.KR.3.1.1.3.6.0,M:Monthly,KR:Korea,3:Capital/biggest city/financial center and suburbs,1:All types of dwellings,1:Existing,3:General Government,6:Pure price,0:Non seasonally adjusted,"Index, 2025 Mar = 100",Units,2005-11-30,F:Free,,A:Normal value,57.8
"BIS,WS_DPP,1.0",M.KR.3.1.1.3.6.0,M:Monthly,KR:Korea,3:Capital/biggest city/financial center and suburbs,1:All types of dwellings,1:Existing,3:General Government,6:Pure price,0:Non seasonally adjusted,"Index, 2025 Mar = 100",Units,2005-12-31,F:Free,,A:Normal value,57.9
"BIS,WS_DPP,1.0",M.KR.3.1.1.3.6.0,M:Monthly,KR:Korea,3:Capital/biggest city/financial center and suburbs,1:All types of dwellings,1:Existing,3:General Government,6:Pure price,0:Non seasonally adjusted,"Index, 2025 Mar = 100",Units,2006-01-31,F:Free,,A:Normal value,58.2
"BIS,WS_DPP,1.0",M.KR.3.1.1.3.6.0,M:Monthly,KR:Korea,3:Capital/biggest city/financial center and suburbs,1:All types of dwellings,1:Existing,3:General Government,6:Pure price,0:Non seasonally adjusted,"Index, 2025 Mar = 100",Units,2006-02-28,F:Free,,A:Normal value,58.6
"BIS,WS_DPP,1.0",M.KR.3.1.1.3.6.0,M:Monthly,KR:Korea,3:Capital/biggest city/financial center and suburbs,1:All types of dwellings,1:Existing,3:General Government,6:Pure price,0:Non seasonally adjusted,"Index, 2025 Mar = 100",Units,2006-03-31,F:Free,,A:Normal value,59.1
"BIS,WS_DPP,1.0",M.KR.3.1.1.3.6.0,M:Monthly,KR:Korea,3:Capital/biggest city/financial center and suburbs,1:All types of dwellings,1:Existing,3:General Government,6:Pure price,0:Non seasonally adjusted,"Index, 2025 Mar = 100",Units,2006-04-30,F:Free,,A:Normal value,59.8
"BIS,WS_DPP,1.0",M.KR.3.1.1.3.6.0,M:Monthly,KR:Korea,3:Capital/biggest city/financial center and suburbs,1:All types of dwellings,1:Existing,3:General Government,6:Pure price,0:Non seasonally adjusted,"Index, 2025 Mar = 100",Units,2006-05-31,F:Free,,A:Normal value,60.8
"BIS,WS_DPP,1.0",M.KR.3.1.1.3.6.0,M:Monthly,KR:Korea,3:Capital/biggest city/financial center and suburbs,1:All types of dwellings,1:Existing,3:General Government,6:Pure price,0:Non seasonally adjusted,"Index, 2025 Mar = 100",Units,2006-06-30,F:Free,,A:Normal value,61.3
"BIS,WS_DPP,1.0",M.KR.3.1.1.3.6.0,M:Monthly,KR:Korea,3:Capital/biggest city/financial center and suburbs,1:All types of dwellings,1:Existing,3:General Government,6:Pure price,0:Non seasonally adjusted,"Index, 2025 Mar = 100",Units,2006-07-31,F:Free,,A:Normal value,61.6
"BIS,WS_DPP,1.0",M.KR.3.1.1.3.6.0,M:Monthly,KR:Korea,3:Capital/biggest city/financial center and suburbs,1:All types of dwellings,1:Existing,3:General Government,6:Pure price,0:Non seasonally adjusted,"Index, 2025 Mar = 100",Units,2006-08-31,F:Free,,A:Normal value,61.9
"BIS,WS_DPP,1.0",M.KR.3.1.1.3.6.0,M:Monthly,KR:Korea,3:Capital/biggest city/financial center and suburbs,1:All types of dwellings,1:Existing,3:General Government,6:Pure price,0:Non seasonally adjusted,"Index, 2025 Mar = 100",Units,2006-09-30,F:Free,,A:Normal value,62.5
"BIS,WS_DPP,1.0",M.KR.3.1.1.3.6.0,M:Monthly,KR:Korea,3:Capital/biggest city/financial center and suburbs,1:All types of dwellings,1:Existing,3:General Government,6:Pure price,0:Non seasonally adjusted,"Index, 2025 Mar = 100",Units,2006-10-31,F:Free,,A:Normal value,64.0
"BIS,WS_DPP,1.0",M.KR.3.1.1.3.6.0,M:Monthly,KR:Korea,3:Capital/biggest city/financial center and suburbs,1:All types of dwellings,1:Existing,3:General Government,6:Pure price,0:Non seasonally adjusted,"Index, 2025 Mar = 100",Units,2006-11-30,F:Free,,A:Normal value,67.4
"BIS,WS_DPP,1.0",M.KR.3.1.1.3.6.0,M:Monthly,KR:Korea,3:Capital/biggest city/financial center and suburbs,1:All types of dwellings,1:Existing,3:General Government,6:Pure price,0:Non seasonally adjusted,"Index, 2025 Mar = 100",Units,2006-12-31,F:Free,,A:Normal value,69.7
"BIS,WS_DPP,1.0",M.KR.3.1.1.3.6.0,M:Monthly,KR:Korea,3:Capital/biggest city/financial center and suburbs,1:All types of dwellings,1:Existing,3:General Government,6:Pure price,0:Non seasonally adjusted,"Index, 2025 Mar = 100",Units,2007-01-31,F:Free,,A:Normal value,71.3
"BIS,WS_DPP,1.0",M.KR.3.1.1.3.6.0,M:Monthly,KR:Korea,3:Capital/biggest city/financial center and suburbs,1:All types of dwellings,1:Existing,3:General Government,6:Pure price,0:Non seasonally adjusted,"Index, 2025 Mar = 100",Units,2007-02-28,F:Free,,A:Normal value,72.1
"BIS,WS_DPP,1.0",M.KR.3.1.1.3.6.0,M:Monthly,KR:Korea,3:Capital/biggest city/financial center and suburbs,1:All types of dwellings,1:Existing,3:General Government,6:Pure price,0:Non seasonally adjusted,"Index, 2025 Mar = 100",Units,2007-03-31,F:Free,,A:Normal value,72.5
"BIS,WS_DPP,1.0",M.KR.3.1.1.3.6.0,M:Monthly,KR:Korea,3:Capital/biggest city/financial center and suburbs,1:All types of dwellings,1:Existing,3:General Government,6:Pure price,0:Non seasonally adjusted,"Index, 2025 Mar = 100",Units,2007-04-30,F:Free,,A:Normal value,73.0
"BIS,WS_DPP,1.0",M.KR.3.1.1.3.6.0,M:Monthly,KR:Korea,3:Capital/biggest city/financial center and suburbs,1:All types of dwellings,1:Existing,3:General Government,6:Pure price,0:Non seasonally adjusted,"Index, 2025 Mar = 100",Units,2007-05-31,F:Free,,A:Normal value,73.3
"BIS,WS_DPP,1.0",M.KR.3.1.1.3.6.0,M:Monthly,KR:Korea,3:Capital/biggest city/financial center and suburbs,1:All types of dwellings,1:Existing,3:General Government,6:Pure price,0:Non seasonally adjusted,"Index, 2025 Mar = 100",Units,2007-06-30,F:Free,,A:Normal value,73.6
"BIS,WS_DPP,1.0",M.KR.3.1.1.3.6.0,M:Monthly,KR:Korea,3:Capital/biggest city/financial center and suburbs,1:All types of dwellings,1:Existing,3:General Government,6:Pure price,0:Non seasonally adjusted,"Index, 2025 Mar = 100",Units,2007-07-31,F:Free,,A:Normal value,74.2
"BIS,WS_DPP,1.0",M.KR.3.1.1.3.6.0,M:Monthly,KR:Korea,3:Capital/biggest city/financial center and suburbs,1:All types of dwellings,1:Existing,3:General Government,6:Pure price,0:Non seasonally adjusted,"Index, 2025 Mar = 100",Units,2007-08-31,F:Free,,A:Normal value,74.6
"BIS,WS_DPP,1.0",M.KR.3.1.1.3.6.0,M:Monthly,KR:Korea,3:Capital/biggest city/financial center and suburbs,1:All types of dwellings,1:Existing,3:General Government,6:Pure price,0:Non seasonally adjusted,"Index, 2025 Mar = 100",Units,2007-09-30,F:Free,,A:Normal value,75.3
"BIS,WS_DPP,1.0",M.KR.3.1.1.3.6.0,M:Monthly,KR:Korea,3:Capital/biggest city/financial center and suburbs,1:All types of dwellings,1:Existing,3:General Government,6:Pure price,0:Non seasonally adjusted,"Index, 2025 Mar = 100",Units,2007-10-31,F:Free,,A:Normal value,75.9
"BIS,WS_DPP,1.0",M.KR.3.1.1.3.6.0,M:Monthly,KR:Korea,3:Capital/biggest city/financial center and suburbs,1:All types of dwellings,1:Existing,3:General Government,6:Pure price,0:Non seasonally adjusted,"Index, 2025 Mar = 100",Units,2007-11-30,F:Free,,A:Normal value,76.6
"BIS,WS_DPP,1.0",M.KR.3.1.1.3.6.0,M:Monthly,KR:Korea,3:Capital/biggest city/financial center and suburbs,1:All types of dwellings,1:Existing,3:General Government,6:Pure price,0:Non seasonally adjusted,"Index, 2025 Mar = 100",Units,2007-12-31,F:Free,,A:Normal value,77.0
"BIS,WS_DPP,1.0",M.KR.3.1.1.3.6.0,M:Monthly,KR:Korea,3:Capital/biggest city/financial center and suburbs,1:All types of dwellings,1:Existing,3:General Government,6:Pure price,0:Non seasonally adjusted,"Index, 2025 Mar = 100",Units,2008-01-31,F:Free,,A:Normal value,77.7
"BIS,WS_DPP,1.0",M.KR.3.1.1.3.6.0,M:Monthly,KR:Korea,3:Capital/biggest city/financial center and suburbs,1:All types of dwellings,1:Existing,3:General Government,6:Pure price,0:Non seasonally adjusted,"Index, 2025 Mar = 100",Units,2008-02-29,F:Free,,A:Normal value,78.2
"BIS,WS_DPP,1.0",M.KR.3.1.1.3.6.0,M:Monthly,KR:Korea,3:Capital/biggest city/financial center and suburbs,1:All types of dwellings,1:Existing,3:General Government,6:Pure price,0:Non seasonally adjusted,"Index, 2025 Mar = 100",Units,2008-03-31,F:Free,,A:Normal value,79.6
"BIS,WS_DPP,1.0",M.KR.3.1.1.3.6.0,M:Monthly,KR:Korea,3:Capital/biggest city/financial center and suburbs,1:All types of dwellings,1:Existing,3:General Government,6:Pure price,0:Non seasonally adjusted,"Index, 2025 Mar = 100",Units,2008-04-30,F:Free,,A:Normal value,81.1
"BIS,WS_DPP,1.0",M.KR.3.1.1.3.6.0,M:Monthly,KR:Korea,3:Capital/biggest city/financial center and suburbs,1:All types of dwellings,1:Existing,3:General Government,6:Pure price,0:Non seasonally adjusted,"Index, 2025 Mar = 100",Units,2008-05-31,F:Free,,A:Normal value,82.4
"BIS,WS_DPP,1.0",M.KR.3.1.1.3.6.0,M:Monthly,KR:Korea,3:Capital/biggest city/financial center and suburbs,1:All types of dwellings,1:Existing,3:General Government,6:Pure price,0:Non seasonally adjusted,"Index, 2025 Mar = 100",Units,2008-06-30,F:Free,,A:Normal value,83.8
"BIS,WS_DPP,1.0",M.KR.3.1.1.3.6.0,M:Monthly,KR:Korea,3:Capital/biggest city/financial center and suburbs,1:All types of dwellings,1:Existing,3:General Government,6:Pure price,0:Non seasonally adjusted,"Index, 2025 Mar = 100",Units,2008-07-31,F:Free,,A:Normal value,84.8
"BIS,WS_DPP,1.0",M.KR.3.1.1.3.6.0,M:Monthly,KR:Korea,3:Capital/biggest city/financial center and suburbs,1:All types of dwellings,1:Existing,3:General Government,6:Pure price,0:Non seasonally adjusted,"Index, 2025 Mar = 100",Units,2008-08-31,F:Free,,A:Normal value,85.4
"BIS,WS_DPP,1.0",M.KR.3.1.1.3.6.0,M:Monthly,KR:Korea,3:Capital/biggest city/financial center and suburbs,1:All types of dwellings,1:Existing,3:General Government,6:Pure price,0:Non seasonally adjusted,"Index, 2025 Mar = 100",Units,2008-09-30,F:Free,,A:Normal value,86.0
"BIS,WS_DPP,1.0",M.KR.3.1.1.3.6.0,M:Monthly,KR:Korea,3:Capital/biggest city/financial center and suburbs,1:All types of dwellings,1:Existing,3:General Government,6:Pure price,0:Non seasonally adjusted,"Index, 2025 Mar = 100",Units,2008-10-31,F:Free,,A:Normal value,85.9
"BIS,WS_DPP,1.0",M.KR.3.1.1.3.6.0,M:Monthly,KR:Korea,3:Capital/biggest city/financial center and suburbs,1:All types of dwellings,1:Existing,3:General Government,6:Pure price,0:Non seasonally adjusted,"Index, 2025 Mar = 100",Units,2008-11-30,F:Free,,A:Normal value,85.2
"BIS,WS_DPP,1.0",M.KR.3.1.1.3.6.0,M:Monthly,KR:Korea,3:Capital/biggest city/financial center and suburbs,1:All types of dwellings,1:Existing,3:General Government,6:Pure price,0:Non seasonally adjusted,"Index, 2025 Mar = 100",Units,2008-12-31,F:Free,,A:Normal value,84.2
"BIS,WS_DPP,1.0",M.KR.3.1.1.3.6.0,M:Monthly,KR:Korea,3:Capital/biggest city/financial center and suburbs,1:All types of dwellings,1:Existing,3:General Government,6:Pure price,0:Non seasonally adjusted,"Index, 2025 Mar = 100",Units,2009-01-31,F:Free,,A:Normal value,83.5
"BIS,WS_DPP,1.0",M.KR.3.1.1.3.6.0,M:Monthly,KR:Korea,3:Capital/biggest city/financial center and suburbs,1:All types of dwellings,1:Existing,3:General Government,6:Pure price,0:Non seasonally adjusted,"Index, 2025 Mar = 100",Units,2009-02-28,F:Free,,A:Normal value,83.3
"BIS,WS_DPP,1.0",M.KR.3.1.1.3.6.0,M:Monthly,KR:Korea,3:Capital/biggest city/financial center and suburbs,1:All types of dwellings,1:Existing,3:General Government,6:Pure price,0:Non seasonally adjusted,"Index, 2025 Mar = 100",Units,2009-03-31,F:Free,,A:Normal value,83.1
"BIS,WS_DPP,1.0",M.KR.3.1.1.3.6.0,M:Monthly,KR:Korea,3:Capital/biggest city/financial center and suburbs,1:All types of dwellings,1:Existing,3:General Government,6:Pure price,0:Non seasonally adjusted,"Index, 2025 Mar = 100",Units,2009-04-30,F:Free,,A:Normal value,83.1
"BIS,WS_DPP,1.0",M.KR.3.1.1.3.6.0,M:Monthly,KR:Korea,3:Capital/biggest city/financial center and suburbs,1:All types of dwellings,1:Existing,3:General Government,6:Pure price,0:Non seasonally adjusted,"Index, 2025 Mar = 100",Units,2009-05-31,F:Free,,A:Normal value,83.2
"BIS,WS_DPP,1.0",M.KR.3.1.1.3.6.0,M:Monthly,KR:Korea,3:Capital/biggest city/financial center and suburbs,1:All types of dwellings,1:Existing,3:General Government,6:Pure price,0:Non seasonally adjusted,"Index, 2025 Mar = 100",Units,2009-06-30,F:Free,,A:Normal value,83.5
"BIS,WS_DPP,1.0",M.KR.3.1.1.3.6.0,M:Monthly,KR:Korea,3:Capital/biggest city/financial center and suburbs,1:All types of dwellings,1:Existing,3:General Government,6:Pure price,0:Non seasonally adjusted,"Index, 2025 Mar = 100",Units,2009-07-31,F:Free,,A:Normal value,83.8
"BIS,WS_DPP,1.0",M.KR.3.1.1.3.6.0,M:Monthly,KR:Korea,3:Capital/biggest city/financial center and suburbs,1:All types of dwellings,1:Existing,3:General Government,6:Pure price,0:Non seasonally adjusted,"Index, 2025 Mar = 100",Units,2009-08-31,F:Free,,A:Normal value,84.2
"BIS,WS_DPP,1.0",M.KR.3.1.1.3.6.0,M:Monthly,KR:Korea,3:Capital/biggest city/financial center and suburbs,1:All types of dwellings,1:Existing,3:General Government,6:Pure price,0:Non seasonally adjusted,"Index, 2025 Mar = 100",Units,2009-09-30,F:Free,,A:Normal value,84.9
"BIS,WS_DPP,1.0",M.KR.3.1.1.3.6.0,M:Monthly,KR:Korea,3:Capital/biggest city/financial center and suburbs,1:All types of dwellings,1:Existing,3:General Government,6:Pure price,0:Non seasonally adjusted,"Index, 2025 Mar = 100",Units,2009-10-31,F:Free,,A:Normal value,85.2
"BIS,WS_DPP,1.0",M.KR.3.1.1.3.6.0,M:Monthly,KR:Korea,3:Capital/biggest city/financial center and suburbs,1:All types of dwellings,1:Existing,3:General Government,6:Pure price,0:Non seasonally adjusted,"Index, 2025 Mar = 100",Units,2009-11-30,F:Free,,A:Normal value,85.3
"BIS,WS_DPP,1.0",M.KR.3.1.1.3.6.0,M:Monthly,KR:Korea,3:Capital/biggest city/financial center and suburbs,1:All types of dwellings,1:Existing,3:General Government,6:Pure price,0:Non seasonally adjusted,"Index, 2025 Mar = 100",Units,2009-12-31,F:Free,,A:Normal value,85.3
"BIS,WS_DPP,1.0",M.KR.3.1.1.3.6.0,M:Monthly,KR:Korea,3:Capital/biggest city/financial center and suburbs,1:All types of dwellings,1:Existing,3:General Government,6:Pure price,0:Non seasonally adjusted,"Index, 2025 Mar = 100",Units,2010-01-31,F:Free,,A:Normal value,85.3
"BIS,WS_DPP,1.0",M.KR.3.1.1.3.6.0,M:Monthly,KR:Korea,3:Capital/biggest city/financial center and suburbs,1:All types of dwellings,1:Existing,3:General Government,6:Pure price,0:Non seasonally adjusted,"Index, 2025 Mar = 100",Units,2010-02-28,F:Free,,A:Normal value,85.4
"BIS,WS_DPP,1.0",M.KR.3.1.1.3.6.0,M:Monthly,KR:Korea,3:Capital/biggest city/financial center and suburbs,1:All types of dwellings,1:Existing,3:General Government,6:Pure price,0:Non seasonally adjusted,"Index, 2025 Mar = 100",Units,2010-03-31,F:Free,,A:Normal value,85.4
"BIS,WS_DPP,1.0",M.KR.3.1.1.3.6.0,M:Monthly,KR:Korea,3:Capital/biggest city/financial center and suburbs,1:All types of dwellings,1:Existing,3:General Government,6:Pure price,0:Non seasonally adjusted,"Index, 2025 Mar = 100",Units,2010-04-30,F:Free,,A:Normal value,85.4
"BIS,WS_DPP,1.0",M.KR.3.1.1.3.6.0,M:Monthly,KR:Korea,3:Capital/biggest city/financial center and suburbs,1:All types of dwellings,1:Existing,3:General Government,6:Pure price,0:Non seasonally adjusted,"Index, 2025 Mar = 100",Units,2010-05-31,F:Free,,A:Normal value,85.1
"BIS,WS_DPP,1.0",M.KR.3.1.1.3.6.0,M:Monthly,KR:Korea,3:Capital/biggest city/financial center and suburbs,1:All types of dwellings,1:Existing,3:General Government,6:Pure price,0:Non seasonally adjusted,"Index, 2025 Mar = 100",Units,2010-06-30,F:Free,,A:Normal value,84.8
"BIS,WS_DPP,1.0",M.KR.3.1.1.3.6.0,M:Monthly,KR:Korea,3:Capital/biggest city/financial center and suburbs,1:All types of dwellings,1:Existing,3:General Government,6:Pure price,0:Non seasonally adjusted,"Index, 2025 Mar = 100",Units,2010-07-31,F:Free,,A:Normal value,84.3
"BIS,WS_DPP,1.0",M.KR.3.1.1.3.6.0,M:Monthly,KR:Korea,3:Capital/biggest city/financial center and suburbs,1:All types of dwellings,1:Existing,3:General Government,6:Pure price,0:Non seasonally adjusted,"Index, 2025 Mar = 100",Units,2010-08-31,F:Free,,A:Normal value,84.0
"BIS,WS_DPP,1.0",M.KR.3.1.1.3.6.0,M:Monthly,KR:Korea,3:Capital/biggest city/financial center and suburbs,1:All types of dwellings,1:Existing,3:General Government,6:Pure price,0:Non seasonally adjusted,"Index, 2025 Mar = 100",Units,2010-09-30,F:Free,,A:Normal value,83.8
"BIS,WS_DPP,1.0",M.KR.3.1.1.3.6.0,M:Monthly,KR:Korea,3:Capital/biggest city/financial center and suburbs,1:All types of dwellings,1:Existing,3:General Government,6:Pure price,0:Non seasonally adjusted,"Index, 2025 Mar = 100",Units,2010-10-31,F:Free,,A:Normal value,83.7
"BIS,WS_DPP,1.0",M.KR.3.1.1.3.6.0,M:Monthly,KR:Korea,3:Capital/biggest city/financial center and suburbs,1:All types of dwellings,1:Existing,3:General Government,6:Pure price,0:Non seasonally adjusted,"Index, 2025 Mar = 100",Units,2010-11-30,F:Free,,A:Normal value,83.7
"BIS,WS_DPP,1.0",M.KR.3.1.1.3.6.0,M:Monthly,KR:Korea,3:Capital/biggest city/financial center and suburbs,1:All types of dwellings,1:Existing,3:General Government,6:Pure price,0:Non seasonally adjusted,"Index, 2025 Mar = 100",Units,2010-12-31,F:Free,,A:Normal value,83.7
"BIS,WS_DPP,1.0",M.KR.3.1.1.3.6.0,M:Monthly,KR:Korea,3:Capital/biggest city/financial center and suburbs,1:All types of dwellings,1:Existing,3:General Government,6:Pure price,0:Non seasonally adjusted,"Index, 2025 Mar = 100",Units,2011-01-31,F:Free,,A:Normal value,83.8
"BIS,WS_DPP,1.0",M.KR.3.1.1.3.6.0,M:Monthly,KR:Korea,3:Capital/biggest city/financial center and suburbs,1:All types of dwellings,1:Existing,3:General Government,6:Pure price,0:Non seasonally adjusted,"Index, 2025 Mar = 100",Units,2011-02-28,F:Free,,A:Normal value,84.1
"BIS,WS_DPP,1.0",M.KR.3.1.1.3.6.0,M:Monthly,KR:Korea,3:Capital/biggest city/financial center and suburbs,1:All types of dwellings,1:Existing,3:General Government,6:Pure price,0:Non seasonally adjusted,"Index, 2025 Mar = 100",Units,2011-03-31,F:Free,,A:Normal value,84.3
"BIS,WS_DPP,1.0",M.KR.3.1.1.3.6.0,M:Monthly,KR:Korea,3:Capital/biggest city/financial center and suburbs,1:All types of dwellings,1:Existing,3:General Government,6:Pure price,0:Non seasonally adjusted,"Index, 2025 Mar = 100",Units,2011-04-30,F:Free,,A:Normal value,84.5
"BIS,WS_DPP,1.0",M.KR.3.1.1.3.6.0,M:Monthly,KR:Korea,3:Capital/biggest city/financial center and suburbs,1:All types of dwellings,1:Existing,3:General Government,6:Pure price,0:Non seasonally adjusted,"Index, 2025 Mar = 100",Units,2011-05-31,F:Free,,A:Normal value,84.6
"BIS,WS_DPP,1.0",M.KR.3.1.1.3.6.0,M:Monthly,KR:Korea,3:Capital/biggest city/financial center and suburbs,1:All types of dwellings,1:Existing,3:General Government,6:Pure price,0:Non seasonally adjusted,"Index, 2025 Mar = 100",Units,2011-06-30,F:Free,,A:Normal value,84.5
"BIS,WS_DPP,1.0",M.KR.3.1.1.3.6.0,M:Monthly,KR:Korea,3:Capital/biggest city/financial center and suburbs,1:All types of dwellings,1:Existing,3:General Government,6:Pure price,0:Non seasonally adjusted,"Index, 2025 Mar = 100",Units,2011-07-31,F:Free,,A:Normal value,84.5
"BIS,WS_DPP,1.0",M.KR.3.1.1.3.6.0,M:Monthly,KR:Korea,3:Capital/biggest city/financial center and suburbs,1:All types of dwellings,1:Existing,3:General Government,6:Pure price,0:Non seasonally adjusted,"Index, 2025 Mar = 100",Units,2011-08-31,F:Free,,A:Normal value,84.5
"BIS,WS_DPP,1.0",M.KR.3.1.1.3.6.0,M:Monthly,KR:Korea,3:Capital/biggest city/financial center and suburbs,1:All types of dwellings,1:Existing,3:General Government,6:Pure price,0:Non seasonally adjusted,"Index, 2025 Mar = 100",Units,2011-09-30,F:Free,,A:Normal value,84.6
"BIS,WS_DPP,1.0",M.KR.3.1.1.3.6.0,M:Monthly,KR:Korea,3:Capital/biggest city/financial center and suburbs,1:All types of dwellings,1:Existing,3:General Government,6:Pure price,0:Non seasonally adjusted,"Index, 2025 Mar = 100",Units,2011-10-31,F:Free,,A:Normal value,84.5
"BIS,WS_DPP,1.0",M.KR.3.1.1.3.6.0,M:Monthly,KR:Korea,3:Capital/biggest city/financial center and suburbs,1:All types of dwellings,1:Existing,3:General Government,6:Pure price,0:Non seasonally adjusted,"Index, 2025 Mar = 100",Units,2011-11-30,F:Free,,A:Normal value,84.5
"BIS,WS_DPP,1.0",M.KR.3.1.1.3.6.0,M:Monthly,KR:Korea,3:Capital/biggest city/financial center and suburbs,1:All types of dwellings,1:Existing,3:General Government,6:Pure price,0:Non seasonally adjusted,"Index, 2025 Mar = 100",Units,2011-12-31,F:Free,,A:Normal value,84.4
"BIS,WS_DPP,1.0",M.KR.3.1.1.3.6.0,M:Monthly,KR:Korea,3:Capital/biggest city/financial center and suburbs,1:All types of dwellings,1:Existing,3:General Government,6:Pure price,0:Non seasonally adjusted,"Index, 2025 Mar = 100",Units,2012-01-31,F:Free,,A:Normal value,84.2
"BIS,WS_DPP,1.0",M.KR.3.1.1.3.6.0,M:Monthly,KR:Korea,3:Capital/biggest city/financial center and suburbs,1:All types of dwellings,1:Existing,3:General Government,6:Pure price,0:Non seasonally adjusted,"Index, 2025 Mar = 100",Units,2012-02-29,F:Free,,A:Normal value,84.2
"BIS,WS_DPP,1.0",M.KR.3.1.1.3.6.0,M:Monthly,KR:Korea,3:Capital/biggest city/financial center and suburbs,1:All types of dwellings,1:Existing,3:General Government,6:Pure price,0:Non seasonally adjusted,"Index, 2025 Mar = 100",Units,2012-03-31,F:Free,,A:Normal value,84.0
"BIS,WS_DPP,1.0",M.KR.3.1.1.3.6.0,M:Monthly,KR:Korea,3:Capital/biggest city/financial center and suburbs,1:All types of dwellings,1:Existing,3:General Government,6:Pure price,0:Non seasonally adjusted,"Index, 2025 Mar = 100",Units,2012-04-30,F:Free,,A:Normal value,83.7
"BIS,WS_DPP,1.0",M.KR.3.1.1.3.6.0,M:Monthly,KR:Korea,3:Capital/biggest city/financial center and suburbs,1:All types of dwellings,1:Existing,3:General Government,6:Pure price,0:Non seasonally adjusted,"Index, 2025 Mar = 100",Units,2012-05-31,F:Free,,A:Normal value,83.4
"BIS,WS_DPP,1.0",M.KR.3.1.1.3.6.0,M:Monthly,KR:Korea,3:Capital/biggest city/financial center and suburbs,1:All types of dwellings,1:Existing,3:General Government,6:Pure price,0:Non seasonally adjusted,"Index, 2025 Mar = 100",Units,2012-06-30,F:Free,,A:Normal value,83.1
"BIS,WS_DPP,1.0",M.KR.3.1.1.3.6.0,M:Monthly,KR:Korea,3:Capital/biggest city/financial center and suburbs,1:All types of dwellings,1:Existing,3:General Government,6:Pure price,0:Non seasonally adjusted,"Index, 2025 Mar = 100",Units,2012-07-31,F:Free,,A:Normal value,82.7
"BIS,WS_DPP,1.0",M.KR.3.1.1.3.6.0,M:Monthly,KR:Korea,3:Capital/biggest city/financial center and suburbs,1:All types of dwellings,1:Existing,3:General Government,6:Pure price,0:Non seasonally adjusted,"Index, 2025 Mar = 100",Units,2012-08-31,F:Free,,A:Normal value,82.2
"BIS,WS_DPP,1.0",M.KR.3.1.1.3.6.0,M:Monthly,KR:Korea,3:Capital/biggest city/financial center and suburbs,1:All types of dwellings,1:Existing,3:General Government,6:Pure price,0:Non seasonally adjusted,"Index, 2025 Mar = 100",Units,2012-09-30,F:Free,,A:Normal value,81.8
"BIS,WS_DPP,1.0",M.KR.3.1.1.3.6.0,M:Monthly,KR:Korea,3:Capital/biggest city/financial center and suburbs,1:All types of dwellings,1:Existing,3:General Government,6:Pure price,0:Non seasonally adjusted,"Index, 2025 Mar = 100",Units,2012-10-31,F:Free,,A:Normal value,81.4
"BIS,WS_DPP,1.0",M.KR.3.1.1.3.6.0,M:Monthly,KR:Korea,3:Capital/biggest city/financial center and suburbs,1:All types of dwellings,1:Existing,3:General Government,6:Pure price,0:Non seasonally adjusted,"Index, 2025 Mar = 100",Units,2012-11-30,F:Free,,A:Normal value,81.1
"BIS,WS_DPP,1.0",M.KR.3.1.1.3.6.0,M:Monthly,KR:Korea,3:Capital/biggest city/financial center and suburbs,1:All types of dwellings,1:Existing,3:General Government,6:Pure price,0:Non seasonally adjusted,"Index, 2025 Mar = 100",Units,2012-12-31,F:Free,,A:Normal value,80.7
"BIS,WS_DPP,1.0",M.KR.3.1.1.3.6.0,M:Monthly,KR:Korea,3:Capital/biggest city/financial center and suburbs,1:All types of dwellings,1:Existing,3:General Government,6:Pure price,0:Non seasonally adjusted,"Index, 2025 Mar = 100",Units,2013-01-31,F:Free,,A:Normal value,80.3
"BIS,WS_DPP,1.0",M.KR.3.1.1.3.6.0,M:Monthly,KR:Korea,3:Capital/biggest city/financial center and suburbs,1:All types of dwellings,1:Existing,3:General Government,6:Pure price,0:Non seasonally adjusted,"Index, 2025 Mar = 100",Units,2013-02-28,F:Free,,A:Normal value,80.0
"BIS,WS_DPP,1.0",M.KR.3.1.1.3.6.0,M:Monthly,KR:Korea,3:Capital/biggest city/financial center and suburbs,1:All types of dwellings,1:Existing,3:General Government,6:Pure price,0:Non seasonally adjusted,"Index, 2025 Mar = 100",Units,2013-03-31,F:Free,,A:Normal value,79.8
"BIS,WS_DPP,1.0",M.KR.3.1.1.3.6.0,M:Monthly,KR:Korea,3:Capital/biggest city/financial center and suburbs,1:All types of dwellings,1:Existing,3:General Government,6:Pure price,0:Non seasonally adjusted,"Index, 2025 Mar = 100",Units,2013-04-30,F:Free,,A:Normal value,79.8
"BIS,WS_DPP,1.0",M.KR.3.1.1.3.6.0,M:Monthly,KR:Korea,3:Capital/biggest city/financial center and suburbs,1:All types of dwellings,1:Existing,3:General Government,6:Pure price,0:Non seasonally adjusted,"Index, 2025 Mar = 100",Units,2013-05-31,F:Free,,A:Normal value,79.9
"BIS,WS_DPP,1.0",M.KR.3.1.1.3.6.0,M:Monthly,KR:Korea,3:Capital/biggest city/financial center and suburbs,1:All types of dwellings,1:Existing,3:General Government,6:Pure price,0:Non seasonally adjusted,"Index, 2025 Mar = 100",Units,2013-06-30,F:Free,,A:Normal value,79.9
"BIS,WS_DPP,1.0",M.KR.3.1.1.3.6.0,M:Monthly,KR:Korea,3:Capital/biggest city/financial center and suburbs,1:All types of dwellings,1:Existing,3:General Government,6:Pure price,0:Non seasonally adjusted,"Index, 2025 Mar = 100",Units,2013-07-31,F:Free,,A:Normal value,79.6
"BIS,WS_DPP,1.0",M.KR.3.1.1.3.6.0,M:Monthly,KR:Korea,3:Capital/biggest city/financial center and suburbs,1:All types of dwellings,1:Existing,3:General Government,6:Pure price,0:Non seasonally adjusted,"Index, 2025 Mar = 100",Units,2013-08-31,F:Free,,A:Normal value,79.4
"BIS,WS_DPP,1.0",M.KR.3.1.1.3.6.0,M:Monthly,KR:Korea,3:Capital/biggest city/financial center and suburbs,1:All types of dwellings,1:Existing,3:General Government,6:Pure price,0:Non seasonally adjusted,"Index, 2025 Mar = 100",Units,2013-09-30,F:Free,,A:Normal value,79.4
"BIS,WS_DPP,1.0",M.KR.3.1.1.3.6.0,M:Monthly,KR:Korea,3:Capital/biggest city/financial center and suburbs,1:All types of dwellings,1:Existing,3:General Government,6:Pure price,0:Non seasonally adjusted,"Index, 2025 Mar = 100",Units,2013-10-31,F:Free,,A:Normal value,79.7
"BIS,WS_DPP,1.0",M.KR.3.1.1.3.6.0,M:Monthly,KR:Korea,3:Capital/biggest city/financial center and suburbs,1:All types of dwellings,1:Existing,3:General Government,6:Pure price,0:Non seasonally adjusted,"Index, 2025 Mar = 100",Units,2013-11-30,F:Free,,A:Normal value,79.8
"BIS,WS_DPP,1.0",M.KR.3.1.1.3.6.0,M:Monthly,KR:Korea,3:Capital/biggest city/financial center and suburbs,1:All types of dwellings,1:Existing,3:General Government,6:Pure price,0:Non seasonally adjusted,"Index, 2025 Mar = 100",Units,2013-12-31,F:Free,,A:Normal value,79.8
"BIS,WS_DPP,1.0",M.KR.3.1.1.3.6.0,M:Monthly,KR:Korea,3:Capital/biggest city/financial center and suburbs,1:All types of dwellings,1:Existing,3:General Government,6:Pure price,0:Non seasonally adjusted,"Index, 2025 Mar = 100",Units,2014-01-31,F:Free,,A:Normal value,80.0
"BIS,WS_DPP,1.0",M.KR.3.1.1.3.6.0,M:Monthly,KR:Korea,3:Capital/biggest city/financial center and suburbs,1:All types of dwellings,1:Existing,3:General Government,6:Pure price,0:Non seasonally adjusted,"Index, 2025 Mar = 100",Units,2014-02-28,F:Free,,A:Normal value,80.2
"BIS,WS_DPP,1.0",M.KR.3.1.1.3.6.0,M:Monthly,KR:Korea,3:Capital/biggest city/financial center and suburbs,1:All types of dwellings,1:Existing,3:General Government,6:Pure price,0:Non seasonally adjusted,"Index, 2025 Mar = 100",Units,2014-03-31,F:Free,,A:Normal value,80.4
"BIS,WS_DPP,1.0",M.KR.3.1.1.3.6.0,M:Monthly,KR:Korea,3:Capital/biggest city/financial center and suburbs,1:All types of dwellings,1:Existing,3:General Government,6:Pure price,0:Non seasonally adjusted,"Index, 2025 Mar = 100",Units,2014-04-30,F:Free,,A:Normal value,80.4
"BIS,WS_DPP,1.0",M.KR.3.1.1.3.6.0,M:Monthly,KR:Korea,3:Capital/biggest city/financial center and suburbs,1:All types of dwellings,1:Existing,3:General Government,6:Pure price,0:Non seasonally adjusted,"Index, 2025 Mar = 100",Units,2014-05-31,F:Free,,A:Normal value,80.3
"BIS,WS_DPP,1.0",M.KR.3.1.1.3.6.0,M:Monthly,KR:Korea,3:Capital/biggest city/financial center and suburbs,1:All types of dwellings,1:Existing,3:General Government,6:Pure price,0:Non seasonally adjusted,"Index, 2025 Mar = 100",Units,2014-06-30,F:Free,,A:Normal value,80.3
"BIS,WS_DPP,1.0",M.KR.3.1.1.3.6.0,M:Monthly,KR:Korea,3:Capital/biggest city/financial center and suburbs,1:All types of dwellings,1:Existing,3:General Government,6:Pure price,0:Non seasonally adjusted,"Index, 2025 Mar = 100",Units,2014-07-31,F:Free,,A:Normal value,80.3
"BIS,WS_DPP,1.0",M.KR.3.1.1.3.6.0,M:Monthly,KR:Korea,3:Capital/biggest city/financial center and suburbs,1:All types of dwellings,1:Existing,3:General Government,6:Pure price,0:Non seasonally adjusted,"Index, 2025 Mar = 100",Units,2014-08-31,F:Free,,A:Normal value,80.3
"BIS,WS_DPP,1.0",M.KR.3.1.1.3.6.0,M:Monthly,KR:Korea,3:Capital/biggest city/financial center and suburbs,1:All types of dwellings,1:Existing,3:General Government,6:Pure price,0:Non seasonally adjusted,"Index, 2025 Mar = 100",Units,2014-09-30,F:Free,,A:Normal value,80.6
"BIS,WS_DPP,1.0",M.KR.3.1.1.3.6.0,M:Monthly,KR:Korea,3:Capital/biggest city/financial center and suburbs,1:All types of dwellings,1:Existing,3:General Government,6:Pure price,0:Non seasonally adjusted,"Index, 2025 Mar = 100",Units,2014-10-31,F:Free,,A:Normal value,80.8
"BIS,WS_DPP,1.0",M.KR.3.1.1.3.6.0,M:Monthly,KR:Korea,3:Capital/biggest city/financial center and suburbs,1:All types of dwellings,1:Existing,3:General Government,6:Pure price,0:Non seasonally adjusted,"Index, 2025 Mar = 100",Units,2014-11-30,F:Free,,A:Normal value,80.9
"BIS,WS_DPP,1.0",M.KR.3.1.1.3.6.0,M:Monthly,KR:Korea,3:Capital/biggest city/financial center and suburbs,1:All types of dwellings,1:Existing,3:General Government,6:Pure price,0:Non seasonally adjusted,"Index, 2025 Mar = 100",Units,2014-12-31,F:Free,,A:Normal value,81.0
"BIS,WS_DPP,1.0",M.KR.3.1.1.3.6.0,M:Monthly,KR:Korea,3:Capital/biggest city/financial center and suburbs,1:All types of dwellings,1:Existing,3:General Government,6:Pure price,0:Non seasonally adjusted,"Index, 2025 Mar = 100",Units,2015-01-31,F:Free,,A:Normal value,81.1
"BIS,WS_DPP,1.0",M.KR.3.1.1.3.6.0,M:Monthly,KR:Korea,3:Capital/biggest city/financial center and suburbs,1:All types of dwellings,1:Existing,3:General Government,6:Pure price,0:Non seasonally adjusted,"Index, 2025 Mar = 100",Units,2015-02-28,F:Free,,A:Normal value,81.3
"BIS,WS_DPP,1.0",M.KR.3.1.1.3.6.0,M:Monthly,KR:Korea,3:Capital/biggest city/financial center and suburbs,1:All types of dwellings,1:Existing,3:General Government,6:Pure price,0:Non seasonally adjusted,"Index, 2025 Mar = 100",Units,2015-03-31,F:Free,,A:Normal value,81.6
"BIS,WS_DPP,1.0",M.KR.3.1.1.3.6.0,M:Monthly,KR:Korea,3:Capital/biggest city/financial center and suburbs,1:All types of dwellings,1:Existing,3:General Government,6:Pure price,0:Non seasonally adjusted,"Index, 2025 Mar = 100",Units,2015-04-30,F:Free,,A:Normal value,82.0
"BIS,WS_DPP,1.0",M.KR.3.1.1.3.6.0,M:Monthly,KR:Korea,3:Capital/biggest city/financial center and suburbs,1:All types of dwellings,1:Existing,3:General Government,6:Pure price,0:Non seasonally adjusted,"Index, 2025 Mar = 100",Units,2015-05-31,F:Free,,A:Normal value,82.4
"BIS,WS_DPP,1.0",M.KR.3.1.1.3.6.0,M:Monthly,KR:Korea,3:Capital/biggest city/financial center and suburbs,1:All types of dwellings,1:Existing,3:General Government,6:Pure price,0:Non seasonally adjusted,"Index, 2025 Mar = 100",Units,2015-06-30,F:Free,,A:Normal value,82.8
"BIS,WS_DPP,1.0",M.KR.3.1.1.3.6.0,M:Monthly,KR:Korea,3:Capital/biggest city/financial center and suburbs,1:All types of dwellings,1:Existing,3:General Government,6:Pure price,0:Non seasonally adjusted,"Index, 2025 Mar = 100",Units,2015-07-31,F:Free,,A:Normal value,83.1
"BIS,WS_DPP,1.0",M.KR.3.1.1.3.6.0,M:Monthly,KR:Korea,3:Capital/biggest city/financial center and suburbs,1:All types of dwellings,1:Existing,3:General Government,6:Pure price,0:Non seasonally adjusted,"Index, 2025 Mar = 100",Units,2015-08-31,F:Free,,A:Normal value,83.4
"BIS,WS_DPP,1.0",M.KR.3.1.1.3.6.0,M:Monthly,KR:Korea,3:Capital/biggest city/financial center and suburbs,1:All types of dwellings,1:Existing,3:General Government,6:Pure price,0:Non seasonally adjusted,"Index, 2025 Mar = 100",Units,2015-09-30,F:Free,,A:Normal value,83.7
"BIS,WS_DPP,1.0",M.KR.3.1.1.3.6.0,M:Monthly,KR:Korea,3:Capital/biggest city/financial center and suburbs,1:All types of dwellings,1:Existing,3:General Government,6:Pure price,0:Non seasonally adjusted,"Index, 2025 Mar = 100",Units,2015-10-31,F:Free,,A:Normal value,84.0
"BIS,WS_DPP,1.0",M.KR.3.1.1.3.6.0,M:Monthly,KR:Korea,3:Capital/biggest city/financial center and suburbs,1:All types of dwellings,1:Existing,3:General Government,6:Pure price,0:Non seasonally adjusted,"Index, 2025 Mar = 100",Units,2015-11-30,F:Free,,A:Normal value,84.4
"BIS,WS_DPP,1.0",M.KR.3.1.1.3.6.0,M:Monthly,KR:Korea,3:Capital/biggest city/financial center and suburbs,1:All types of dwellings,1:Existing,3:General Government,6:Pure price,0:Non seasonally adjusted,"Index, 2025 Mar = 100",Units,2015-12-31,F:Free,,A:Normal value,84.5
"BIS,WS_DPP,1.0",M.KR.3.1.1.3.6.0,M:Monthly,KR:Korea,3:Capital/biggest city/financial center and suburbs,1:All types of dwellings,1:Existing,3:General Government,6:Pure price,0:Non seasonally adjusted,"Index, 2025 Mar = 100",Units,2016-01-31,F:Free,,A:Normal value,84.6
"BIS,WS_DPP,1.0",M.KR.3.1.1.3.6.0,M:Monthly,KR:Korea,3:Capital/biggest city/financial center and suburbs,1:All types of dwellings,1:Existing,3:General Government,6:Pure price,0:Non seasonally adjusted,"Index, 2025 Mar = 100",Units,2016-02-29,F:Free,,A:Normal value,84.6
"BIS,WS_DPP,1.0",M.KR.3.1.1.3.6.0,M:Monthly,KR:Korea,3:Capital/biggest city/financial center and suburbs,1:All types of dwellings,1:Existing,3:General Government,6:Pure price,0:Non seasonally adjusted,"Index, 2025 Mar = 100",Units,2016-03-31,F:Free,,A:Normal value,84.6
"BIS,WS_DPP,1.0",M.KR.3.1.1.3.6.0,M:Monthly,KR:Korea,3:Capital/biggest city/financial center and suburbs,1:All types of dwellings,1:Existing,3:General Government,6:Pure price,0:Non seasonally adjusted,"Index, 2025 Mar = 100",Units,2016-04-30,F:Free,,A:Normal value,84.6
"BIS,WS_DPP,1.0",M.KR.3.1.1.3.6.0,M:Monthly,KR:Korea,3:Capital/biggest city/financial center and suburbs,1:All types of dwellings,1:Existing,3:General Government,6:Pure price,0:Non seasonally adjusted,"Index, 2025 Mar = 100",Units,2016-05-31,F:Free,,A:Normal value,84.7
"BIS,WS_DPP,1.0",M.KR.3.1.1.3.6.0,M:Monthly,KR:Korea,3:Capital/biggest city/financial center and suburbs,1:All types of dwellings,1:Existing,3:General Government,6:Pure price,0:Non seasonally adjusted,"Index, 2025 Mar = 100",Units,2016-06-30,F:Free,,A:Normal value,84.8
"BIS,WS_DPP,1.0",M.KR.3.1.1.3.6.0,M:Monthly,KR:Korea,3:Capital/biggest city/financial center and suburbs,1:All types of dwellings,1:Existing,3:General Government,6:Pure price,0:Non seasonally adjusted,"Index, 2025 Mar = 100",Units,2016-07-31,F:Free,,A:Normal value,84.9
"BIS,WS_DPP,1.0",M.KR.3.1.1.3.6.0,M:Monthly,KR:Korea,3:Capital/biggest city/financial center and suburbs,1:All types of dwellings,1:Existing,3:General Government,6:Pure price,0:Non seasonally adjusted,"Index, 2025 Mar = 100",Units,2016-08-31,F:Free,,A:Normal value,85.0
"BIS,WS_DPP,1.0",M.KR.3.1.1.3.6.0,M:Monthly,KR:Korea,3:Capital/biggest city/financial center and suburbs,1:All types of dwellings,1:Existing,3:General Government,6:Pure price,0:Non seasonally adjusted,"Index, 2025 Mar = 100",Units,2016-09-30,F:Free,,A:Normal value,85.2
"BIS,WS_DPP,1.0",M.KR.3.1.1.3.6.0,M:Monthly,KR:Korea,3:Capital/biggest city/financial center and suburbs,1:All types of dwellings,1:Existing,3:General Government,6:Pure price,0:Non seasonally adjusted,"Index, 2025 Mar = 100",Units,2016-10-31,F:Free,,A:Normal value,85.4
"BIS,WS_DPP,1.0",M.KR.3.1.1.3.6.0,M:Monthly,KR:Korea,3:Capital/biggest city/financial center and suburbs,1:All types of dwellings,1:Existing,3:General Government,6:Pure price,0:Non seasonally adjusted,"Index, 2025 Mar = 100",Units,2016-11-30,F:Free,,A:Normal value,85.6
"BIS,WS_DPP,1.0",M.KR.3.1.1.3.6.0,M:Monthly,KR:Korea,3:Capital/biggest city/financial center and suburbs,1:All types of dwellings,1:Existing,3:General Government,6:Pure price,0:Non seasonally adjusted,"Index, 2025 Mar = 100",Units,2016-12-31,F:Free,,A:Normal value,85.6
"BIS,WS_DPP,1.0",M.KR.3.1.1.3.6.0,M:Monthly,KR:Korea,3:Capital/biggest city/financial center and suburbs,1:All types of dwellings,1:Existing,3:General Government,6:Pure price,0:Non seasonally adjusted,"Index, 2025 Mar = 100",Units,2017-01-31,F:Free,,A:Normal value,85.7
"BIS,WS_DPP,1.0",M.KR.3.1.1.3.6.0,M:Monthly,KR:Korea,3:Capital/biggest city/financial center and suburbs,1:All types of dwellings,1:Existing,3:General Government,6:Pure price,0:Non seasonally adjusted,"Index, 2025 Mar = 100",Units,2017-02-28,F:Free,,A:Normal value,85.7
"BIS,WS_DPP,1.0",M.KR.3.1.1.3.6.0,M:Monthly,KR:Korea,3:Capital/biggest city/financial center and suburbs,1:All types of dwellings,1:Existing,3:General Government,6:Pure price,0:Non seasonally adjusted,"Index, 2025 Mar = 100",Units,2017-03-31,F:Free,,A:Normal value,85.7
"BIS,WS_DPP,1.0",M.KR.3.1.1.3.6.0,M:Monthly,KR:Korea,3:Capital/biggest city/financial center and suburbs,1:All types of dwellings,1:Existing,3:General Government,6:Pure price,0:Non seasonally adjusted,"Index, 2025 Mar = 100",Units,2017-04-30,F:Free,,A:Normal value,85.9
"BIS,WS_DPP,1.0",M.KR.3.1.1.3.6.0,M:Monthly,KR:Korea,3:Capital/biggest city/financial center and suburbs,1:All types of dwellings,1:Existing,3:General Government,6:Pure price,0:Non seasonally adjusted,"Index, 2025 Mar = 100",Units,2017-05-31,F:Free,,A:Normal value,86.0
"BIS,WS_DPP,1.0",M.KR.3.1.1.3.6.0,M:Monthly,KR:Korea,3:Capital/biggest city/financial center and suburbs,1:All types of dwellings,1:Existing,3:General Government,6:Pure price,0:Non seasonally adjusted,"Index, 2025 Mar = 100",Units,2017-06-30,F:Free,,A:Normal value,86.3
"BIS,WS_DPP,1.0",M.KR.3.1.1.3.6.0,M:Monthly,KR:Korea,3:Capital/biggest city/financial center and suburbs,1:All types of dwellings,1:Existing,3:General Government,6:Pure price,0:Non seasonally adjusted,"Index, 2025 Mar = 100",Units,2017-07-31,F:Free,,A:Normal value,86.6
"BIS,WS_DPP,1.0",M.KR.3.1.1.3.6.0,M:Monthly,KR:Korea,3:Capital/biggest city/financial center and suburbs,1:All types of dwellings,1:Existing,3:General Government,6:Pure price,0:Non seasonally adjusted,"Index, 2025 Mar = 100",Units,2017-08-31,F:Free,,A:Normal value,86.9
"BIS,WS_DPP,1.0",M.KR.3.1.1.3.6.0,M:Monthly,KR:Korea,3:Capital/biggest city/financial center and suburbs,1:All types of dwellings,1:Existing,3:General Government,6:Pure price,0:Non seasonally adjusted,"Index, 2025 Mar = 100",Units,2017-09-30,F:Free,,A:Normal value,87.1
"BIS,WS_DPP,1.0",M.KR.3.1.1.3.6.0,M:Monthly,KR:Korea,3:Capital/biggest city/financial center and suburbs,1:All types of dwellings,1:Existing,3:General Government,6:Pure price,0:Non seasonally adjusted,"Index, 2025 Mar = 100",Units,2017-10-31,F:Free,,A:Normal value,87.2
"BIS,WS_DPP,1.0",M.KR.3.1.1.3.6.0,M:Monthly,KR:Korea,3:Capital/biggest city/financial center and suburbs,1:All types of dwellings,1:Existing,3:General Government,6:Pure price,0:Non seasonally adjusted,"Index, 2025 Mar = 100",Units,2017-11-30,F:Free,,A:Normal value,87.4
"BIS,WS_DPP,1.0",M.KR.3.1.1.3.6.0,M:Monthly,KR:Korea,3:Capital/biggest city/financial center and suburbs,1:All types of dwellings,1:Existing,3:General Government,6:Pure price,0:Non seasonally adjusted,"Index, 2025 Mar = 100",Units,2017-12-31,F:Free,,A:Normal value,87.7
"BIS,WS_DPP,1.0",M.KR.3.1.1.3.6.0,M:Monthly,KR:Korea,3:Capital/biggest city/financial center and suburbs,1:All types of dwellings,1:Existing,3:General Government,6:Pure price,0:Non seasonally adjusted,"Index, 2025 Mar = 100",Units,2018-01-31,F:Free,,A:Normal value,88.0
"BIS,WS_DPP,1.0",M.KR.3.1.1.3.6.0,M:Monthly,KR:Korea,3:Capital/biggest city/financial center and suburbs,1:All types of dwellings,1:Existing,3:General Government,6:Pure price,0:Non seasonally adjusted,"Index, 2025 Mar = 100",Units,2018-02-28,F:Free,,A:Normal value,88.4
"BIS,WS_DPP,1.0",M.KR.3.1.1.3.6.0,M:Monthly,KR:Korea,3:Capital/biggest city/financial center and suburbs,1:All types of dwellings,1:Existing,3:General Government,6:Pure price,0:Non seasonally adjusted,"Index, 2025 Mar = 100",Units,2018-03-31,F:Free,,A:Normal value,88.6
"BIS,WS_DPP,1.0",M.KR.3.1.1.3.6.0,M:Monthly,KR:Korea,3:Capital/biggest city/financial center and suburbs,1:All types of dwellings,1:Existing,3:General Government,6:Pure price,0:Non seasonally adjusted,"Index, 2025 Mar = 100",Units,2018-04-30,F:Free,,A:Normal value,88.8
"BIS,WS_DPP,1.0",M.KR.3.1.1.3.6.0,M:Monthly,KR:Korea,3:Capital/biggest city/financial center and suburbs,1:All types of dwellings,1:Existing,3:General Government,6:Pure price,0:Non seasonally adjusted,"Index, 2025 Mar = 100",Units,2018-05-31,F:Free,,A:Normal value,88.9
"BIS,WS_DPP,1.0",M.KR.3.1.1.3.6.0,M:Monthly,KR:Korea,3:Capital/biggest city/financial center and suburbs,1:All types of dwellings,1:Existing,3:General Government,6:Pure price,0:Non seasonally adjusted,"Index, 2025 Mar = 100",Units,2018-06-30,F:Free,,A:Normal value,89.0
"BIS,WS_DPP,1.0",M.KR.3.1.1.3.6.0,M:Monthly,KR:Korea,3:Capital/biggest city/financial center and suburbs,1:All types of dwellings,1:Existing,3:General Government,6:Pure price,0:Non seasonally adjusted,"Index, 2025 Mar = 100",Units,2018-07-31,F:Free,,A:Normal value,89.1
"BIS,WS_DPP,1.0",M.KR.3.1.1.3.6.0,M:Monthly,KR:Korea,3:Capital/biggest city/financial center and suburbs,1:All types of dwellings,1:Existing,3:General Government,6:Pure price,0:Non seasonally adjusted,"Index, 2025 Mar = 100",Units,2018-08-31,F:Free,,A:Normal value,89.3
"BIS,WS_DPP,1.0",M.KR.3.1.1.3.6.0,M:Monthly,KR:Korea,3:Capital/biggest city/financial center and suburbs,1:All types of dwellings,1:Existing,3:General Government,6:Pure price,0:Non seasonally adjusted,"Index, 2025 Mar = 100",Units,2018-09-30,F:Free,,A:Normal value,89.9
"BIS,WS_DPP,1.0",M.KR.3.1.1.3.6.0,M:Monthly,KR:Korea,3:Capital/biggest city/financial center and suburbs,1:All types of dwellings,1:Existing,3:General Government,6:Pure price,0:Non seasonally adjusted,"Index, 2025 Mar = 100",Units,2018-10-31,F:Free,,A:Normal value,90.3
"BIS,WS_DPP,1.0",M.KR.3.1.1.3.6.0,M:Monthly,KR:Korea,3:Capital/biggest city/financial center and suburbs,1:All types of dwellings,1:Existing,3:General Government,6:Pure price,0:Non seasonally adjusted,"Index, 2025 Mar = 100",Units,2018-11-30,F:Free,,A:Normal value,90.5
"BIS,WS_DPP,1.0",M.KR.3.1.1.3.6.0,M:Monthly,KR:Korea,3:Capital/biggest city/financial center and suburbs,1:All types of dwellings,1:Existing,3:General Government,6:Pure price,0:Non seasonally adjusted,"Index, 2025 Mar = 100",Units,2018-12-31,F:Free,,A:Normal value,90.6
"BIS,WS_DPP,1.0",M.KR.3.1.1.3.6.0,M:Monthly,KR:Korea,3:Capital/biggest city/financial center and suburbs,1:All types of dwellings,1:Existing,3:General Government,6:Pure price,0:Non seasonally adjusted,"Index, 2025 Mar = 100",Units,2019-01-31,F:Free,,A:Normal value,90.4
"BIS,WS_DPP,1.0",M.KR.3.1.1.3.6.0,M:Monthly,KR:Korea,3:Capital/biggest city/financial center and suburbs,1:All types of dwellings,1:Existing,3:General Government,6:Pure price,0:Non seasonally adjusted,"Index, 2025 Mar = 100",Units,2019-02-28,F:Free,,A:Normal value,90.3
"BIS,WS_DPP,1.0",M.KR.3.1.1.3.6.0,M:Monthly,KR:Korea,3:Capital/biggest city/financial center and suburbs,1:All types of dwellings,1:Existing,3:General Government,6:Pure price,0:Non seasonally adjusted,"Index, 2025 Mar = 100",Units,2019-03-31,F:Free,,A:Normal value,90.2
"BIS,WS_DPP,1.0",M.KR.3.1.1.3.6.0,M:Monthly,KR:Korea,3:Capital/biggest city/financial center and suburbs,1:All types of dwellings,1:Existing,3:General Government,6:Pure price,0:Non seasonally adjusted,"Index, 2025 Mar = 100",Units,2019-04-30,F:Free,,A:Normal value,89.9
"BIS,WS_DPP,1.0",M.KR.3.1.1.3.6.0,M:Monthly,KR:Korea,3:Capital/biggest city/financial center and suburbs,1:All types of dwellings,1:Existing,3:General Government,6:Pure price,0:Non seasonally adjusted,"Index, 2025 Mar = 100",Units,2019-05-31,F:Free,,A:Normal value,89.8
"BIS,WS_DPP,1.0",M.KR.3.1.1.3.6.0,M:Monthly,KR:Korea,3:Capital/biggest city/financial center and suburbs,1:All types of dwellings,1:Existing,3:General Government,6:Pure price,0:Non seasonally adjusted,"Index, 2025 Mar = 100",Units,2019-06-30,F:Free,,A:Normal value,89.7
"BIS,WS_DPP,1.0",M.KR.3.1.1.3.6.0,M:Monthly,KR:Korea,3:Capital/biggest city/financial center and suburbs,1:All types of dwellings,1:Existing,3:General Government,6:Pure price,0:Non seasonally adjusted,"Index, 2025 Mar = 100",Units,2019-07-31,F:Free,,A:Normal value,89.7
"BIS,WS_DPP,1.0",M.KR.3.1.1.3.6.0,M:Monthly,KR:Korea,3:Capital/biggest city/financial center and suburbs,1:All types of dwellings,1:Existing,3:General Government,6:Pure price,0:Non seasonally adjusted,"Index, 2025 Mar = 100",Units,2019-08-31,F:Free,,A:Normal value,89.7
"BIS,WS_DPP,1.0",M.KR.3.1.1.3.6.0,M:Monthly,KR:Korea,3:Capital/biggest city/financial center and suburbs,1:All types of dwellings,1:Existing,3:General Government,6:Pure price,0:Non seasonally adjusted,"Index, 2025 Mar = 100",Units,2019-09-30,F:Free,,A:Normal value,89.9
"BIS,WS_DPP,1.0",M.KR.3.1.1.3.6.0,M:Monthly,KR:Korea,3:Capital/biggest city/financial center and suburbs,1:All types of dwellings,1:Existing,3:General Government,6:Pure price,0:Non seasonally adjusted,"Index, 2025 Mar = 100",Units,2019-10-31,F:Free,,A:Normal value,90.1
"BIS,WS_DPP,1.0",M.KR.3.1.1.3.6.0,M:Monthly,KR:Korea,3:Capital/biggest city/financial center and suburbs,1:All types of dwellings,1:Existing,3:General Government,6:Pure price,0:Non seasonally adjusted,"Index, 2025 Mar = 100",Units,2019-11-30,F:Free,,A:Normal value,90.4
"BIS,WS_DPP,1.0",M.KR.3.1.1.3.6.0,M:Monthly,KR:Korea,3:Capital/biggest city/financial center and suburbs,1:All types of dwellings,1:Existing,3:General Government,6:Pure price,0:Non seasonally adjusted,"Index, 2025 Mar = 100",Units,2019-12-31,F:Free,,A:Normal value,91.0
"BIS,WS_DPP,1.0",M.KR.3.1.1.3.6.0,M:Monthly,KR:Korea,3:Capital/biggest city/financial center and suburbs,1:All types of dwellings,1:Existing,3:General Government,6:Pure price,0:Non seasonally adjusted,"Index, 2025 Mar = 100",Units,2020-01-31,F:Free,,A:Normal value,91.3
"BIS,WS_DPP,1.0",M.KR.3.1.1.3.6.0,M:Monthly,KR:Korea,3:Capital/biggest city/financial center and suburbs,1:All types of dwellings,1:Existing,3:General Government,6:Pure price,0:Non seasonally adjusted,"Index, 2025 Mar = 100",Units,2020-02-29,F:Free,,A:Normal value,91.8
"BIS,WS_DPP,1.0",M.KR.3.1.1.3.6.0,M:Monthly,KR:Korea,3:Capital/biggest city/financial center and suburbs,1:All types of dwellings,1:Existing,3:General Government,6:Pure price,0:Non seasonally adjusted,"Index, 2025 Mar = 100",Units,2020-03-31,F:Free,,A:Normal value,92.7
"BIS,WS_DPP,1.0",M.KR.3.1.1.3.6.0,M:Monthly,KR:Korea,3:Capital/biggest city/financial center and suburbs,1:All types of dwellings,1:Existing,3:General Government,6:Pure price,0:Non seasonally adjusted,"Index, 2025 Mar = 100",Units,2020-04-30,F:Free,,A:Normal value,93.1
"BIS,WS_DPP,1.0",M.KR.3.1.1.3.6.0,M:Monthly,KR:Korea,3:Capital/biggest city/financial center and suburbs,1:All types of dwellings,1:Existing,3:General Government,6:Pure price,0:Non seasonally adjusted,"Index, 2025 Mar = 100",Units,2020-05-31,F:Free,,A:Normal value,93.4
"BIS,WS_DPP,1.0",M.KR.3.1.1.3.6.0,M:Monthly,KR:Korea,3:Capital/biggest city/financial center and suburbs,1:All types of dwellings,1:Existing,3:General Government,6:Pure price,0:Non seasonally adjusted,"Index, 2025 Mar = 100",Units,2020-06-30,F:Free,,A:Normal value,93.8
"BIS,WS_DPP,1.0",M.KR.3.1.1.3.6.0,M:Monthly,KR:Korea,3:Capital/biggest city/financial center and suburbs,1:All types of dwellings,1:Existing,3:General Government,6:Pure price,0:Non seasonally adjusted,"Index, 2025 Mar = 100",Units,2020-07-31,F:Free,,A:Normal value,94.6
"BIS,WS_DPP,1.0",M.KR.3.1.1.3.6.0,M:Monthly,KR:Korea,3:Capital/biggest city/financial center and suburbs,1:All types of dwellings,1:Existing,3:General Government,6:Pure price,0:Non seasonally adjusted,"Index, 2025 Mar = 100",Units,2020-08-31,F:Free,,A:Normal value,95.1
"BIS,WS_DPP,1.0",M.KR.3.1.1.3.6.0,M:Monthly,KR:Korea,3:Capital/biggest city/financial center and suburbs,1:All types of dwellings,1:Existing,3:General Government,6:Pure price,0:Non seasonally adjusted,"Index, 2025 Mar = 100",Units,2020-09-30,F:Free,,A:Normal value,95.5
"BIS,WS_DPP,1.0",M.KR.3.1.1.3.6.0,M:Monthly,KR:Korea,3:Capital/biggest city/financial center and suburbs,1:All types of dwellings,1:Existing,3:General Government,6:Pure price,0:Non seasonally adjusted,"Index, 2025 Mar = 100",Units,2020-10-31,F:Free,,A:Normal value,95.8
"BIS,WS_DPP,1.0",M.KR.3.1.1.3.6.0,M:Monthly,KR:Korea,3:Capital/biggest city/financial center and suburbs,1:All types of dwellings,1:Existing,3:General Government,6:Pure price,0:Non seasonally adjusted,"Index, 2025 Mar = 100",Units,2020-11-30,F:Free,,A:Normal value,96.2
"BIS,WS_DPP,1.0",M.KR.3.1.1.3.6.0,M:Monthly,KR:Korea,3:Capital/biggest city/financial center and suburbs,1:All types of dwellings,1:Existing,3:General Government,6:Pure price,0:Non seasonally adjusted,"Index, 2025 Mar = 100",Units,2020-12-31,F:Free,,A:Normal value,96.9
"BIS,WS_DPP,1.0",M.KR.3.1.1.3.6.0,M:Monthly,KR:Korea,3:Capital/biggest city/financial center and suburbs,1:All types of dwellings,1:Existing,3:General Government,6:Pure price,0:Non seasonally adjusted,"Index, 2025 Mar = 100",Units,2021-01-31,F:Free,,A:Normal value,97.7
"BIS,WS_DPP,1.0",M.KR.3.1.1.3.6.0,M:Monthly,KR:Korea,3:Capital/biggest city/financial center and suburbs,1:All types of dwellings,1:Existing,3:General Government,6:Pure price,0:Non seasonally adjusted,"Index, 2025 Mar = 100",Units,2021-02-28,F:Free,,A:Normal value,98.8
"BIS,WS_DPP,1.0",M.KR.3.1.1.3.6.0,M:Monthly,KR:Korea,3:Capital/biggest city/financial center and suburbs,1:All types of dwellings,1:Existing,3:General Government,6:Pure price,0:Non seasonally adjusted,"Index, 2025 Mar = 100",Units,2021-03-31,F:Free,,A:Normal value,99.8
"BIS,WS_DPP,1.0",M.KR.3.1.1.3.6.0,M:Monthly,KR:Korea,3:Capital/biggest city/financial center and suburbs,1:All types of dwellings,1:Existing,3:General Government,6:Pure price,0:Non seasonally adjusted,"Index, 2025 Mar = 100",Units,2021-04-30,F:Free,,A:Normal value,100.7
"BIS,WS_DPP,1.0",M.KR.3.1.1.3.6.0,M:Monthly,KR:Korea,3:Capital/biggest city/financial center and suburbs,1:All types of dwellings,1:Existing,3:General Government,6:Pure price,0:Non seasonally adjusted,"Index, 2025 Mar = 100",Units,2021-05-31,F:Free,,A:Normal value,101.5
"BIS,WS_DPP,1.0",M.KR.3.1.1.3.6.0,M:Monthly,KR:Korea,3:Capital/biggest city/financial center and suburbs,1:All types of dwellings,1:Existing,3:General Government,6:Pure price,0:Non seasonally adjusted,"Index, 2025 Mar = 100",Units,2021-06-30,F:Free,,A:Normal value,103.1
"BIS,WS_DPP,1.0",M.KR.3.1.1.3.6.0,M:Monthly,KR:Korea,3:Capital/biggest city/financial center and suburbs,1:All types of dwellings,1:Existing,3:General Government,6:Pure price,0:Non seasonally adjusted,"Index, 2025 Mar = 100",Units,2021-07-31,F:Free,,A:Normal value,104.3
"BIS,WS_DPP,1.0",M.KR.3.1.1.3.6.0,M:Monthly,KR:Korea,3:Capital/biggest city/financial center and suburbs,1:All types of dwellings,1:Existing,3:General Government,6:Pure price,0:Non seasonally adjusted,"Index, 2025 Mar = 100",Units,2021-08-31,F:Free,,A:Normal value,105.6
"BIS,WS_DPP,1.0",M.KR.3.1.1.3.6.0,M:Monthly,KR:Korea,3:Capital/biggest city/financial center and suburbs,1:All types of dwellings,1:Existing,3:General Government,6:Pure price,0:Non seasonally adjusted,"Index, 2025 Mar = 100",Units,2021-09-30,F:Free,,A:Normal value,106.9
"BIS,WS_DPP,1.0",M.KR.3.1.1.3.6.0,M:Monthly,KR:Korea,3:Capital/biggest city/financial center and suburbs,1:All types of dwellings,1:Existing,3:General Government,6:Pure price,0:Non seasonally adjusted,"Index, 2025 Mar = 100",Units,2021-10-31,F:Free,,A:Normal value,108.1
"BIS,WS_DPP,1.0",M.KR.3.1.1.3.6.0,M:Monthly,KR:Korea,3:Capital/biggest city/financial center and suburbs,1:All types of dwellings,1:Existing,3:General Government,6:Pure price,0:Non seasonally adjusted,"Index, 2025 Mar = 100",Units,2021-11-30,F:Free,,A:Normal value,109.0
"BIS,WS_DPP,1.0",M.KR.3.1.1.3.6.0,M:Monthly,KR:Korea,3:Capital/biggest city/financial center and suburbs,1:All types of dwellings,1:Existing,3:General Government,6:Pure price,0:Non seasonally adjusted,"Index, 2025 Mar = 100",Units,2021-12-31,F:Free,,A:Normal value,109.3
"BIS,WS_DPP,1.0",M.KR.3.1.1.3.6.0,M:Monthly,KR:Korea,3:Capital/biggest city/financial center and suburbs,1:All types of dwellings,1:Existing,3:General Government,6:Pure price,0:Non seasonally adjusted,"Index, 2025 Mar = 100",Units,2022-01-31,F:Free,,A:Normal value,109.4
"BIS,WS_DPP,1.0",M.KR.3.1.1.3.6.0,M:Monthly,KR:Korea,3:Capital/biggest city/financial center and suburbs,1:All types of dwellings,1:Existing,3:General Government,6:Pure price,0:Non seasonally adjusted,"Index, 2025 Mar = 100",Units,2022-02-28,F:Free,,A:Normal value,109.3
"BIS,WS_DPP,1.0",M.KR.3.1.1.3.6.0,M:Monthly,KR:Korea,3:Capital/biggest city/financial center and suburbs,1:All types of dwellings,1:Existing,3:General Government,6:Pure price,0:Non seasonally adjusted,"Index, 2025 Mar = 100",Units,2022-03-31,F:Free,,A:Normal value,109.3
"BIS,WS_DPP,1.0",M.KR.3.1.1.3.6.0,M:Monthly,KR:Korea,3:Capital/biggest city/financial center and suburbs,1:All types of dwellings,1:Existing,3:General Government,6:Pure price,0:Non seasonally adjusted,"Index, 2025 Mar = 100",Units,2022-04-30,F:Free,,A:Normal value,109.3
"BIS,WS_DPP,1.0",M.KR.3.1.1.3.6.0,M:Monthly,KR:Korea,3:Capital/biggest city/financial center and suburbs,1:All types of dwellings,1:Existing,3:General Government,6:Pure price,0:Non seasonally adjusted,"Index, 2025 Mar = 100",Units,2022-05-31,F:Free,,A:Normal value,109.3
"BIS,WS_DPP,1.0",M.KR.3.1.1.3.6.0,M:Monthly,KR:Korea,3:Capital/biggest city/financial center and suburbs,1:All types of dwellings,1:Existing,3:General Government,6:Pure price,0:Non seasonally adjusted,"Index, 2025 Mar = 100",Units,2022-06-30,F:Free,,A:Normal value,109.2
"BIS,WS_DPP,1.0",M.KR.3.1.1.3.6.0,M:Monthly,KR:Korea,3:Capital/biggest city/financial center and suburbs,1:All types of dwellings,1:Existing,3:General Government,6:Pure price,0:Non seasonally adjusted,"Index, 2025 Mar = 100",Units,2022-07-31,F:Free,,A:Normal value,109.1
"BIS,WS_DPP,1.0",M.KR.3.1.1.3.6.0,M:Monthly,KR:Korea,3:Capital/biggest city/financial center and suburbs,1:All types of dwellings,1:Existing,3:General Government,6:Pure price,0:Non seasonally adjusted,"Index, 2025 Mar = 100",Units,2022-08-31,F:Free,,A:Normal value,108.7
"BIS,WS_DPP,1.0",M.KR.3.1.1.3.6.0,M:Monthly,KR:Korea,3:Capital/biggest city/financial center and suburbs,1:All types of dwellings,1:Existing,3:General Government,6:Pure price,0:Non seasonally adjusted,"Index, 2025 Mar = 100",Units,2022-09-30,F:Free,,A:Normal value,108.0
"BIS,WS_DPP,1.0",M.KR.3.1.1.3.6.0,M:Monthly,KR:Korea,3:Capital/biggest city/financial center and suburbs,1:All types of dwellings,1:Existing,3:General Government,6:Pure price,0:Non seasonally adjusted,"Index, 2025 Mar = 100",Units,2022-10-31,F:Free,,A:Normal value,106.9
"BIS,WS_DPP,1.0",M.KR.3.1.1.3.6.0,M:Monthly,KR:Korea,3:Capital/biggest city/financial center and suburbs,1:All types of dwellings,1:Existing,3:General Government,6:Pure price,0:Non seasonally adjusted,"Index, 2025 Mar = 100",Units,2022-11-30,F:Free,,A:Normal value,105.0
"BIS,WS_DPP,1.0",M.KR.3.1.1.3.6.0,M:Monthly,KR:Korea,3:Capital/biggest city/financial center and suburbs,1:All types of dwellings,1:Existing,3:General Government,6:Pure price,0:Non seasonally adjusted,"Index, 2025 Mar = 100",Units,2022-12-31,F:Free,,A:Normal value,102.2
"BIS,WS_DPP,1.0",M.KR.3.1.1.3.6.0,M:Monthly,KR:Korea,3:Capital/biggest city/financial center and suburbs,1:All types of dwellings,1:Existing,3:General Government,6:Pure price,0:Non seasonally adjusted,"Index, 2025 Mar = 100",Units,2023-01-31,F:Free,,A:Normal value,100.3
"BIS,WS_DPP,1.0",M.KR.3.1.1.3.6.0,M:Monthly,KR:Korea,3:Capital/biggest city/financial center and suburbs,1:All types of dwellings,1:Existing,3:General Government,6:Pure price,0:Non seasonally adjusted,"Index, 2025 Mar = 100",Units,2023-02-28,F:Free,,A:Normal value,98.9
"BIS,WS_DPP,1.0",M.KR.3.1.1.3.6.0,M:Monthly,KR:Korea,3:Capital/biggest city/financial center and suburbs,1:All types of dwellings,1:Existing,3:General Government,6:Pure price,0:Non seasonally adjusted,"Index, 2025 Mar = 100",Units,2023-03-31,F:Free,,A:Normal value,98.1
"BIS,WS_DPP,1.0",M.KR.3.1.1.3.6.0,M:Monthly,KR:Korea,3:Capital/biggest city/financial center and suburbs,1:All types of dwellings,1:Existing,3:General Government,6:Pure price,0:Non seasonally adjusted,"Index, 2025 Mar = 100",Units,2023-04-30,F:Free,,A:Normal value,97.6
"BIS,WS_DPP,1.0",M.KR.3.1.1.3.6.0,M:Monthly,KR:Korea,3:Capital/biggest city/financial center and suburbs,1:All types of dwellings,1:Existing,3:General Government,6:Pure price,0:Non seasonally adjusted,"Index, 2025 Mar = 100",Units,2023-05-31,F:Free,,A:Normal value,97.4
"BIS,WS_DPP,1.0",M.KR.3.1.1.3.6.0,M:Monthly,KR:Korea,3:Capital/biggest city/financial center and suburbs,1:All types of dwellings,1:Existing,3:General Government,6:Pure price,0:Non seasonally adjusted,"Index, 2025 Mar = 100",Units,2023-06-30,F:Free,,A:Normal value,97.4
"BIS,WS_DPP,1.0",M.KR.3.1.1.3.6.0,M:Monthly,KR:Korea,3:Capital/biggest city/financial center and suburbs,1:All types of dwellings,1:Existing,3:General Government,6:Pure price,0:Non seasonally adjusted,"Index, 2025 Mar = 100",Units,2023-07-31,F:Free,,A:Normal value,97.6
"BIS,WS_DPP,1.0",M.KR.3.1.1.3.6.0,M:Monthly,KR:Korea,3:Capital/biggest city/financial center and suburbs,1:All types of dwellings,1:Existing,3:General Government,6:Pure price,0:Non seasonally adjusted,"Index, 2025 Mar = 100",Units,2023-08-31,F:Free,,A:Normal value,97.9
"BIS,WS_DPP,1.0",M.KR.3.1.1.3.6.0,M:Monthly,KR:Korea,3:Capital/biggest city/financial center and suburbs,1:All types of dwellings,1:Existing,3:General Government,6:Pure price,0:Non seasonally adjusted,"Index, 2025 Mar = 100",Units,2023-09-30,F:Free,,A:Normal value,98.3
"BIS,WS_DPP,1.0",M.KR.3.1.1.3.6.0,M:Monthly,KR:Korea,3:Capital/biggest city/financial center and suburbs,1:All types of dwellings,1:Existing,3:General Government,6:Pure price,0:Non seasonally adjusted,"Index, 2025 Mar = 100",Units,2023-10-31,F:Free,,A:Normal value,98.6
"BIS,WS_DPP,1.0",M.KR.3.1.1.3.6.0,M:Monthly,KR:Korea,3:Capital/biggest city/financial center and suburbs,1:All types of dwellings,1:Existing,3:General Government,6:Pure price,0:Non seasonally adjusted,"Index, 2025 Mar = 100",Units,2023-11-30,F:Free,,A:Normal value,98.7
"BIS,WS_DPP,1.0",M.KR.3.1.1.3.6.0,M:Monthly,KR:Korea,3:Capital/biggest city/financial center and suburbs,1:All types of dwellings,1:Existing,3:General Government,6:Pure price,0:Non seasonally adjusted,"Index, 2025 Mar = 100",Units,2023-12-31,F:Free,,A:Normal value,98.5
"BIS,WS_DPP,1.0",M.KR.3.1.1.3.6.0,M:Monthly,KR:Korea,3:Capital/biggest city/financial center and suburbs,1:All types of dwellings,1:Existing,3:General Government,6:Pure price,0:Non seasonally adjusted,"Index, 2025 Mar = 100",Units,2024-01-31,F:Free,,A:Normal value,98.4
"BIS,WS_DPP,1.0",M.KR.3.1.1.3.6.0,M:Monthly,KR:Korea,3:Capital/biggest city/financial center and suburbs,1:All types of dwellings,1:Existing,3:General Government,6:Pure price,0:Non seasonally adjusted,"Index, 2025 Mar = 100",Units,2024-02-29,F:Free,,A:Normal value,98.2
"BIS,WS_DPP,1.0",M.KR.3.1.1.3.6.0,M:Monthly,KR:Korea,3:Capital/biggest city/financial center and suburbs,1:All types of dwellings,1:Existing,3:General Government,6:Pure price,0:Non seasonally adjusted,"Index, 2025 Mar = 100",Units,2024-03-31,F:Free,,A:Normal value,98.1
"BIS,WS_DPP,1.0",M.KR.3.1.1.3.6.0,M:Monthly,KR:Korea,3:Capital/biggest city/financial center and suburbs,1:All types of dwellings,1:Existing,3:General Government,6:Pure price,0:Non seasonally adjusted,"Index, 2025 Mar = 100",Units,2024-04-30,F:Free,,A:Normal value,98.1
"BIS,WS_DPP,1.0",M.KR.3.1.1.3.6.0,M:Monthly,KR:Korea,3:Capital/biggest city/financial center and suburbs,1:All types of dwellings,1:Existing,3:General Government,6:Pure price,0:Non seasonally adjusted,"Index, 2025 Mar = 100",Units,2024-05-31,F:Free,,A:Normal value,98.1
"BIS,WS_DPP,1.0",M.KR.3.1.1.3.6.0,M:Monthly,KR:Korea,3:Capital/biggest city/financial center and suburbs,1:All types of dwellings,1:Existing,3:General Government,6:Pure price,0:Non seasonally adjusted,"Index, 2025 Mar = 100",Units,2024-06-30,F:Free,,A:Normal value,98.3
"BIS,WS_DPP,1.0",M.KR.3.1.1.3.6.0,M:Monthly,KR:Korea,3:Capital/biggest city/financial center and suburbs,1:All types of dwellings,1:Existing,3:General Government,6:Pure price,0:Non seasonally adjusted,"Index, 2025 Mar = 100",Units,2024-07-31,F:Free,,A:Normal value,98.7
"BIS,WS_DPP,1.0",M.KR.3.1.1.3.6.0,M:Monthly,KR:Korea,3:Capital/biggest city/financial center and suburbs,1:All types of dwellings,1:Existing,3:General Government,6:Pure price,0:Non seasonally adjusted,"Index, 2025 Mar = 100",Units,2024-08-31,F:Free,,A:Normal value,99.2
"BIS,WS_DPP,1.0",M.KR.3.1.1.3.6.0,M:Monthly,KR:Korea,3:Capital/biggest city/financial center and suburbs,1:All types of dwellings,1:Existing,3:General Government,6:Pure price,0:Non seasonally adjusted,"Index, 2025 Mar = 100",Units,2024-09-30,F:Free,,A:Normal value,99.6
"BIS,WS_DPP,1.0",M.KR.3.1.1.3.6.0,M:Monthly,KR:Korea,3:Capital/biggest city/financial center and suburbs,1:All types of dwellings,1:Existing,3:General Government,6:Pure price,0:Non seasonally adjusted,"Index, 2025 Mar = 100",Units,2024-10-31,F:Free,,A:Normal value,99.8
"BIS,WS_DPP,1.0",M.KR.3.1.1.3.6.0,M:Monthly,KR:Korea,3:Capital/biggest city/financial center and suburbs,1:All types of dwellings,1:Existing,3:General Government,6:Pure price,0:Non seasonally adjusted,"Index, 2025 Mar = 100",Units,2024-11-30,F:Free,,A:Normal value,99.9
"BIS,WS_DPP,1.0",M.KR.3.1.1.3.6.0,M:Monthly,KR:Korea,3:Capital/biggest city/financial center and suburbs,1:All types of dwellings,1:Existing,3:General Government,6:Pure price,0:Non seasonally adjusted,"Index, 2025 Mar = 100",Units,2024-12-31,F:Free,,A:Normal value,99.9
"BIS,WS_DPP,1.0",M.KR.3.1.1.3.6.0,M:Monthly,KR:Korea,3:Capital/biggest city/financial center and suburbs,1:All types of dwellings,1:Existing,3:General Government,6:Pure price,0:Non seasonally adjusted,"Index, 2025 Mar = 100",Units,2025-01-31,F:Free,,A:Normal value,99.9
"BIS,WS_DPP,1.0",M.KR.3.1.1.3.6.0,M:Monthly,KR:Korea,3:Capital/biggest city/financial center and suburbs,1:All types of dwellings,1:Existing,3:General Government,6:Pure price,0:Non seasonally adjusted,"Index, 2025 Mar = 100",Units,2025-02-28,F:Free,,A:Normal value,99.8
"BIS,WS_DPP,1.0",M.KR.3.1.1.3.6.0,M:Monthly,KR:Korea,3:Capital/biggest city/financial center and suburbs,1:All types of dwellings,1:Existing,3:General Government,6:Pure price,0:Non seasonally adjusted,"Index, 2025 Mar = 100",Units,2025-03-31,F:Free,,A:Normal value,100.0
"BIS,WS_DPP,1.0",M.KR.3.1.1.3.6.0,M:Monthly,KR:Korea,3:Capital/biggest city/financial center and suburbs,1:All types of dwellings,1:Existing,3:General Government,6:Pure price,0:Non seasonally adjusted,"Index, 2025 Mar = 100",Units,2025-04-30,F:Free,,A:Normal value,100.1
"BIS,WS_DPP,1.0",M.KR.3.1.1.3.6.0,M:Monthly,KR:Korea,3:Capital/biggest city/financial center and suburbs,1:All types of dwellings,1:Existing,3:General Government,6:Pure price,0:Non seasonally adjusted,"Index, 2025 Mar = 100",Units,2025-05-31,F:Free,,A:Normal value,100.2
"BIS,WS_DPP,1.0",M.KR.3.1.1.3.6.0,M:Monthly,KR:Korea,3:Capital/biggest city/financial center and suburbs,1:All types of dwellings,1:Existing,3:General Government,6:Pure price,0:Non seasonally adjusted,"Index, 2025 Mar = 100",Units,2025-06-30,F:Free,,A:Normal value,100.5
"BIS,WS_DPP,1.0",M.KR.3.1.1.3.6.0,M:Monthly,KR:Korea,3:Capital/biggest city/financial center and suburbs,1:All types of dwellings,1:Existing,3:General Government,6:Pure price,0:Non seasonally adjusted,"Index, 2025 Mar = 100",Units,2025-07-31,F:Free,,A:Normal value,100.9
